9784088512815,4088512812,サッカーボールを友達に育った少年、大空翼! 翼の夢は、日本をワールドカップで優勝させること。南葛小に転校してきた翼は、修哲小の天才ゴールキーパー若林源三と出会い、勝負を挑むことに...!!,,1982,0.000000,キャプテン翼 1,高橋陽一,,,4088512812,
9784088512822,4088512820,南葛小に入った翼は、若林率いる修哲小と対抗戦をする事に!! 南葛は、翼の活躍もあって同点で延長戦までもつれこむ。ところが、石崎が足をねんざしてしまったため、転校生・岬太郎が出場する!!,,1982-05,0.000000,キャプテン翼 2,高橋陽一,,,9784088512822,
9784088512839,4088512839,全国大会に向けて、南葛市で選抜チームが作られることになり、翼、岬、若林などが選ばれ、県予選に挑む! 翼は、ロベルト本郷と共にブラジルへ行くという夢と全国大会優勝に向けて猛練習を開始!!,,1982-08,0.000000,キャプテン翼 3,高橋陽一,,,9784088512839,
9784088512846,4088512847,静岡県代表を決める、南葛SC対志水FCの決勝戦!! ケガから復帰した若林はファインセーブを見せるも、志水の激しいあたりもあって、またもや負傷してしまう...。全国大会出場を決めるのは...?,,1982-11,0.000000,キャプテン翼 4,高橋陽一,,,9784088512846,
9784088512853,4088512855,ついに始まった全国大会!! ところが、南葛はチームの要・若林が負傷のため、苦戦必至!! しかも、第1戦から、優勝候補の一角、明和FCと戦う事に! 両者激しい点の取りあいの末、勝ったのは...!?,,1983-02,0.000000,キャプテン翼 5,高橋陽一,,,9784088512853,
9784088512860,4088512863,決勝トーナメント進出をかてた、南葛対花輪!! 立花兄弟のトライアングルシュートの時に西尾が負傷したため、石崎が出場! だが、その代わった石崎がオウンゴールをしてしまい...。南葛絶体絶命!!,,1983-05,0.000000,キャプテン翼 6,高橋陽一,,,9784088512860,
9784088512877,4088512871,若島津の加わった明和は、松山率いるふらのを破り決勝進出を決める! そして、準決勝まで進んだ南葛は、フィールドの貴公子・三杉淳率いる武蔵と対決! 翼は、心臓病の三杉に対し全力をだせるか?,,1983-08,0.000000,キャプテン翼 7,高橋陽一,,,9784088512877,
9784088512884,408851288X,翼と三杉の息をのむ対決の数々! だが、しだいに、試合は武蔵ペースに。神技的なプレイを見せる三杉に対して、翼は初めて勝利への自信をなくしてしまう...。このまま、南葛は終わってしまうのか?,,1983-11,0.000000,キャプテン翼 8,高橋陽一,,,9784088512884,
9784088512891,4088512898,最後の最後まで試合をすてない翼の勝利への執念によって、南葛は武蔵を破る。そして、ついに迎えた明和との決勝戦!! 負傷していた南葛の天才ゴールキーパー若林も復活し、激しい試合が始まった!!,,1984-02,0.000000,キャプテン翼 9,高橋陽一,,,9784088512891,
9784088512907,4088512901,ついに先取点を取った南葛は、若林の堅実な守りもあって、試合を有利に進める。しかし、日向の執念のダイビングヘッドで同点に追いつかれてしまい、しかも、翼、岬、若林らが負傷してしまった!!,,1984-06,0.000000,キャプテン翼 10,高橋陽一,,,9784088512907,
9784088512914,408851291X,負傷者続出の南葛は、明和に逆転をゆるしてしまうが、試合終了10分前、若林のオーバーラップを手掛かりに、同点においついた!! 壮絶な試合は、延長戦へともつれこみ、ますますヒートアップする!!,,1984-08,0.000000,キャプテン翼 11,高橋陽一,,,9784088512914,
9784088512921,4088512928,南葛対明和の決勝戦は延長戦でも決着がつかず、ついに再延長戦までもつれこんだ!! 各選手、疲労困憊の中、最後の力をふりしぼり、全力をつくす!! 果たして、勝利の女神はどちらにほほえむのか!!,,1984-11,0.000000,キャプテン翼 12,高橋陽一,,,9784088512921,
9784088512938,4088512936,歴史に残る全国少年サッカー大会が終わり、岬は転校、若林もプロのサッカー選手になるため西ドイツへと旅立った。南葛中に進んだ翼は、全国中学生サッカー大会V2を達成! 史上初のV3に挑戦!!,,1985,0.000000,キャプテン翼 13,高橋陽一,,,9784088512938,
9784088512945,4088512944,静岡県代表を決める南葛中対大友中の決勝戦! 翼に対して闘志をむきだしで挑んでくる新田に対して翼は真向から勝負! そして、これまで失点0の大友中の要、大友カルテットが翼に襲いかかる!,,1985-04,0.000000,キャプテン翼 14,高橋陽一,,,9784088512945,
9784088512952,4088512952,持病の心臓病とたたかい、2年間の必死のリハビリの末、武蔵中の天才プレイヤー・三杉淳が復活! 全国大会出場をかけて、日向小次郎率いる東邦学園と激突! 三杉対日向の壮絶な対決のゆくえは...!?,,1985-07,0.000000,キャプテン翼 15,高橋陽一,,,9784088512952,
9784088512969,4088512960,ついに始まった全国中学生サッカー大会、第1戦は、南葛対東一中! 史上初の全国制覇三連覇をめざす翼達だが、東一中のディフェンダー早田のカミソリシュートが決まり、先取点を取られてしまう!,,1985-10,0.000000,キャプテン翼 16,高橋陽一,,,9784088512969,
9784088512976,4088512979,順調に勝ち上がった南葛中の三回戦の相手は、ミラクルサッカーの花輪中! 有利に試合を進める南葛だったが、立花兄弟の新空中技スカイラブ・ハリケーンの時に翼が肩を脱きゅうしてしまった...!!,,1985-12,0.000000,キャプテン翼 17,高橋陽一,,,9784088512976,
9784088512983,4088512987,次藤&佐野の強力なコンビプレイを誇る比良戸中は南葛中に対し、前半を3対0とリード! 窮地に立たされた南葛だったが、ついに翼の必殺技・ドライブシュートが完成し、次々とゴールを決める!!,,1986,0.000000,キャプテン翼 18,高橋陽一,,,9784088512983,
9784088512990,4088512995,決勝戦まで、コマを進めた東邦学園に対し、南葛の準決勝の相手はチームワーク抜群のふらの中!! 翼と松山のキャプテンどうしの火花ちる激しいボールの奪い合いが展開され、最初に点を取ったのは!?,,1986-03,0.000000,キャプテン翼 19,高橋陽一,,,9784088512990,
9784088513003,4088513002,南葛対ふらのの白熱する準決勝は、前半を1対1の同点でおりかえした。激しい攻防の末、両校とも1点ずつ取り合い残りわずか、1分を切った。それでも、満身創痍の翼は、最後の力を振り絞り...!!,,1986-05,0.000000,キャプテン翼 20,高橋陽一,,,9784088513003,
9784088518718,4088518713,いよいよ、全国中学生サッカー大会、南葛対東邦の決勝戦! 日向と翼は互いに、タイガーショット、ドライブシュートで得点しあい両者ゆずらず、熱戦が続く!! 果たして、先にリードをするのは...!?,,1986-07,0.000000,キャプテン翼 21,高橋陽一,,,4088518713,
9784088518725,4088518721,白熱する南葛対東邦の決勝戦! 圧倒的なパワーで、先にハットトリックを決めた日向は、南葛に対し東邦の勝利を高々と宣言! 2点差をつけられ意気消沈する南葛イレブンに対し、翼が檄をとばす!!,,1986-09,0.000000,キャプテン翼 22,高橋陽一,,,9784088518725,
9784088518732,408851873X,東邦に対して、3対2とリードされていた南葛だったが、後半10分、見事なチームプレイで同点においついた!! だが、翼のケガがますます悪化してしまい、立っているのがやっとになってしまった...!!,,1986-11,0.000000,キャプテン翼 23,高橋陽一,,,9784088518732,
9784088518749,4088518748,3対3と両者一歩も譲らず延長戦へともつれこんだ南葛対東邦の決勝戦!! 気力を振り絞りプレイを続ける翼は、ついに逆転に成功! だが、キズが悪化する翼にドクターストップが! 日向との決着は...!?,,1987,0.000000,キャプテン翼 24,高橋陽一,,,9784088518749,
9784088518756,4088518756,一時は南葛にリードされた東邦であったが、終了間際、日向のタイガーショットが南葛のゴールネットを揺らす! 両者、優勝をめざして最後の気力を振り絞る!! 南葛のV3か、それとも東邦のV1か?,,1987-03,0.000000,キャプテン翼 25,高橋陽一,,,9784088518756,
9784088518770,4088518772,ヨーロッパ勢の底力をまざまざと見せつけられた全日本Jr.だったが、翼の加入によって確実に戦力がアップ!! バイエルンと対戦し初勝利をもたらした。そして、もうひとりの実力者・岬太郎は?,,1987-07,0.000000,キャプテン翼 27,高橋陽一,,,9784088518770,
9784088518848,4088518845,ついに決勝へと駒を進めた全日本Jr.は、スーパーグレートゴールキーパー・若林源三も加わって、西ドイツJr.に挑む! しかし、西ドイツのキーパー・ミューラーの厚い壁が立ちはだかる...!!,,1988-09,0.000000,キャプテン翼 34,高橋陽一,,,9784088518848,

9784086173360,4086173360,,,1998-10,336.000000,キャプテン翼 16,高橋陽一,,,9784086173360,
9784086173377,4086173379,,,1998-12,336.000000,キャプテン翼 17,高橋陽一,,,9784086173377,
9784086173384,4086173387,,,1998-12,336.000000,キャプテン翼 18,高橋陽一,,,9784086173384,
9784086173391,4086173395,,,1999-02,328.000000,キャプテン翼 19,高橋陽一,,,9784086173391,
9784086173407,4086173409,,,1999-02,344.000000,キャプテン翼 20,高橋陽一,,,9784086173407,
9784086173414,4086173417,,,1999-02,344.000000,キャプテン翼 21,高橋陽一,,,9784086173414,

,,,,1994,212.000000,キャプテン翼,高橋陽一,,,9784088717708,大空翼元気です!!の卷. 第1卷
9784088718545,4088718542,,,1995,195.000000,キャプテン翼,陽一·高橋,,,9784088718545,神の子サンターナの卷. 第2卷
9784088718552,4088718550,,,1995,194.000000,キャプテン翼,陽一·高橋,,,9784088718552,栄光をめざしての卷. 第3卷
9784088718569,4088718569,,,1995,183.000000,キャプテン翼,陽一·高橋,,,9784088718569,夢に向かってスタート!!. 第4卷
9784088718576,4088718577,,,1995,202.000000,キャプテン翼,陽一·高橋,,,9784088718576,気迫で闘え!!の卷. 第5卷
9784088718583,4088718585,,,1995,202.000000,キャプテン翼,陽一·高橋,,,9784088718583,栄冠はきみの上に!の卷. 第6卷
9784088718590,4088718593,,,1996,185.000000,キャプテン翼,陽一·高橋,,,9784088718590,成長した戦士たちの卷. 第7卷
9784088718606,4088718607,,,1996,207.000000,キャプテン翼,陽一·高橋,,,9784088718606,雷獣シュート見参!!の卷. 第8卷
9784088722610,4088722612,,,1996,205.000000,キャプテン翼,陽一·高橋,,,9784088722610,勝利の瞬間!!の卷. 第9卷
9784088722627,4088722620,,,1996,176.000000,キャプテン翼,陽一·高橋,,,9784088722627,窮地の中の光!の卷. 第10卷
9784088722634,4088722639,,,1996,195.000000,キャプテン翼,陽一·高橋,,,9784088722634,夢への扉!!の卷. 第11卷
9784088722641,4088722647,,,1996,196.000000,キャプテン翼,陽一·高橋,,,9784088722641,夢の舞台!!の卷. 第12卷
9784088722658,4088722655,,,1997,152.000000,キャプテン翼,陽一·高橋,,,9784088722658,託されたボール!!の卷. 第13卷
9784088722665,4088722663,,,1997,170.000000,キャプテン翼,陽一·高橋,,,9784088722665,成長の証!!の卷. 第14卷
9784088722672,4088722671,,,1997,187.000000,キャプテン翼,陽一·高橋,,,9784088722672,決勝トーナメント進出!の卷
9784088722689,408872268X,,,1997,185.000000,キャプテン翼,陽一·高橋,,,9784088722689,白夜の波状攻撃!の卷. 第16卷
9784088722696,4088722698,,,1997,190.000000,キャプテン翼,陽一·高橋,,,9784088722696,世界一の座をかけて!の卷. 第17卷
9784088722702,4088722701,,,1997,197.000000,キャプテン翼,陽一·高橋,,,9784088722702,Vゴール!!の卷. 第18卷

9784088728674,408872867X,,,2000-05,224.000000,無頼男(ブレーメン)1,梅澤春人,,,408872867X,
9784088730011,4088730011,,,2000-08,208.000000,無頼男(ブレーメン)2,梅澤春人,,,9784088730011,
9784088730288,4088730283,,,2000-10,192.000000,無頼男(ブレーメン)3,梅澤春人,,,9784088730288,
9784088730523,4088730526,,,2000-12,208.000000,無頼男(ブレーメン)4,梅澤春人,,,9784088730523,

9784088511269,4088511263,,,1988,192.000000,ジョジョの奇妙な冒険 1,荒木飛呂彦,,,9784088511269,

9782845384361,284538436X,"Dans la cité futuriste de Metrocity, le professeur Ochanomizu achève un projet sur lequel il travaille depuis plus de cinq ans : la création d'Astro, le meilleur super-robot au monde ! Doté d'un cœur, Astro marque le commencement d'une nouvelle ère pour les machines, un âge d'or où humains et robots seraient amis. Malheureusement, tout le monde ne partage pas cette vision idéale du futur...",,2005-01-13,180.000000,Astroboy,Akira Himekawa;Osamu Tezuka,,,9782845384361,
9782845384828,2845384823,"Rapidement devenu la coqueluche de Metrocity, Astro doit faire face à de nouvelles situations périlleuses remettant en question les rapports entre les hommes et les robots. Si Astro préserve la paix dans la cité futuriste, c'est sans compter sur l'acharnement d'Atlas et ses plans machiavéliques. Ce dernier est bien décidé à prendre sa revanche sur la société humaine !",,2005-04-14,175.000000,Astroboy,Akira Himekawa,,,9782845384828,

9782368520130,2368520139,Rouge est un jeune garçon plein d'ambition et de fougue. Sa plus grande fierté : être considéré comme le meilleur Dresseur de Pokémon des environs de Bourg Palette ! Le Professeur Chen va le convaincre de partir à la découverte de nouveaux Pokémon pour compléter l'encyclopédie les répertoriant : le fameux Pokédex ! Rejoignez Rouge dans sa quête et découvrez la grande aventure par laquelle tout a commencé !,,2014-06-12,250.000000,Pokémon la grande aventure,Hidenori Kusaka,,,9782368520130,
9782368520147,2368520147,"Rouge est persuadé d'avoir déjouer pour de bon les plans de la Team Rocket avec l'aide de ses amis. Toujours décidé à compléter le pokédex que lui a confié le professeur Chen, il repart sur les routes accompagné de ses pokémons. Mais il est loin de ses douter des dangers qui l'attendent...",,2014-08-28,459.000000,Pokémon la grande aventure,"Hidenori Kusaka;Mato,",,,9782368520147,
9782368520154,2368520155,"Rouge est toujours porté disparu après son combat contre Aldo. Ayant recueilli le Pikachu du célèbre Dresseur, Jaune décide de partir à sa recherche. Après avoir suivi le dur entraînement que lui a imposé Bleu, Jaune se rend sur l'île Flamboyante pour affronter le Conseil 4. Retrouvez tous les héros de la Grande Aventure pour un final riche en rebondissements ! .",,2014-11-13,501.000000,Pokémon la grande aventure,Hidenori Kusaka,,,9782368520154,
9782368522219,2368522212,"Une nouvelle grande aventure s'offre à vous sur les routes de la région de Johto! Suivez Or, un jeune Dresseur arrogant et sûr de lui à la poursuite d'Argent, un mystérieux voleur de Pokémon! Un nouveau manga inédit basé sur les célèbres jeux Pokémon version Or et Pokémon version Argent!",,2016-02-11,438.000000,"Pokémon la grande aventure, or et argent",,,,9782368522219,
,,,,1753,,"Diplomataria et scriptores historiae germanicae medii aevi... studio Christiani Schoettgenii,... et M. Georgii Christophori Kreysigii,... Tomus I...",,,,9782368522776,
9782368523827,2368523820,,,2016-10-13,520.000000,"Pokémon la grande aventure, or et argent",,,,9782368523827,
9782368520895,2368520899,"Rubis vient d'emménager dans la région de Hoenn et compte bien assouvir sa passion pour les Concours Pokémon ! Mais ce n'est pas du goût de son père, un sévère Champion d'Arène qui préférerait le voir s'entraîner au combat. Rubis va fuguer et faire la connaissance de Saphir, une jeune fille au caractère bien trempé qui ambitionne de remporter tous les Badges de la région. Les deux jeunes gens vont se lancer un défi : réaliser leurs rêves en quatre-vingts jours !",,2014-12-11,320.000000,Pokemon la grande aventure Rubis et Saphir,Hidenori Kusaka;Satoshi Yamamoto,,,9782368520895,
9782368520871,2368520872,"L'arc scénaristique Rubis-Saphir de Pokémon La Grande Aventure me plaît énormément, et m'a laissé beaucoup de bons souvenirs. Savoir que les jeunes francophones peuvent désormais le lire me fait très plaisir. Dans ce tome 2, nous en sommes à la moitié de l'histoire, une étape particulièrement mouvementée et dynamique. Je suis certain que vous allez l'apprécier ! J'espère que vous aimerez aussi voir l'évolution des sentiments des personnages au fur et à mesure de leur périple. Pour le réveil de Groudon et Kyogre ainsi que les désastres que cela engendre, je me suis inspiré des films de monstres dont je suis si friand. J'ai fait des efforts particuliers pour décrire la puissance de ces deux Pokémon Légendaires. L'autre point sur lequel j'ai beaucoup réfléchi concerne les relations maîtres et élèves que ce soit entre Marc et Rubis ou entre Alizée et Saphir. J'espère que tous ces rebondissements vous plairont et que vous suivrez ces personnages dans leurs moments de joie mais aussi de tristesse ! Le combat entre Rubis et son père prend une toute nouvelle dimension grâce à la maturité acquise par le jeune homme. Chaque volume de Pokémon La Grande Aventure a ses points forts et celui de ce tome est sans nul doute l'action ! Les combats s'enchaînent à toute vitesse que ce soit dans les airs au Pilier Céleste ou sous les océans dans la Caverne Fondmer ! J'espère que vous apprécierez ces batailles où le bien et le mal sont étroitement mêlés !",,2015-03-12,512.000000,Pokemon la grande aventure Rubis et Saphir,Hidenori Kusaka,,,9782368520871,
9782368521540,2368521542,"La région de Hoenn doit faire face à un terrible danger avec le réveil des deux Pokémon légendaires, Gourdon et Kyogre. Rubis et Saphir doivent surmonter leurs différences s'ils veulent avoir une chance de contrecarrer les plans des Team Aqua et Team Magma. Dernier tome de la série.",,2015-07-02,512.000000,Pokemon la grande aventure Rubis et Saphir,,,,9782368521540,

9782351420713,2351420713,"La vie quotidienne de la petite Yotsuba, âgée de 6 ans, qui doit s'adapter à sa récente installation en ville. Son inexpérience donne lieu à de nombreux gags.",,2006-08-17,224.000000,Yotsuba & !,Kiyohiko Azuma,,,9782351420713,
9782351420720,2351420721,"La vie quotidienne de la petite Yotsuba, âgée de 6 ans, qui doit s'adapter à sa récente installation en ville. Son inexpérience donne lieu à de nombreux gags.",,2006-10-12,190.000000,Yotsuba & !,Kiyohiko Azuma,,,9782351420720,
9782351420737,235142073X,"La vie quotidienne de la petite Yotsuba, âgée de 6 ans, qui doit s'adapter à sa récente installation en ville. Son inexpérience donne lieu à de nombreux gags.",,2006-12-14,180.000000,Yotsuba & !,Kiyohiko Azuma,,,9782351420737,
9782351420744,2351420748,"La vie quotidienne de la petite Yotsuba, âgée de 6 ans, qui doit s'adapter à sa récente installation en ville. Son inexpérience donne lieu à de nombreux gags.",,2007-03-08,190.000000,Yotsuba & !,Kiyohiko Azuma,,,9782351420744,
9782351422106,2351422104,"La vie quotidienne de la petite Yotsuba, âgée de 6 ans, qui doit s'adapter à sa récente installation en ville. Son inexpérience donne lieu à de nombreux gags.",,2007-09-13,194.000000,Yotsuba & !,Kiyohiko Azuma,,,9782351422106,
9782351423448,2351423445,"La vie quotidienne de la petite Yotsuba, âgée de 6 ans, qui doit s'adapter à sa récente installation en ville. Son inexpérience donne lieu à de nombreux gags.",,2008,206.000000,Yotsuba & !.,Kiyohiko Azuma,,,9782351423448,

9782849655146,2849655147,"Alors que Vincent Law est plongé dans le Coma, Pino se fait raconter l'histoire de Dorothy, autoreiv infirmière qui décide de voyager pour observer les étoiles. Au cours de son périple à travers un désert post-technologique, Dorothy est confrontée à un monde violent dans lequel la chasse est ouverte contre les autoreivs contaminés par le Cogito.... En deux tomes, cette série inédite de saynètes drôles et dramatiques est une invitation à l'immersion dans l'univers cyberpunk de la série Ergo Proxy.",,2008-12-11,183.000000,Ergo Proxy,"Yumiko Harao;Manglobe,",,,9782849655146,
9782849655351,284965535X,"Heart, Léone et Dorothy continuent à traquer les étoiles à travers les étendues désolées de leur monde. Mais le conflit entre humains et autoreivs, toujours plus violent, les obligera finalement à remettre en cause leurs convictions les plus profondes.",,2009-04-23,187.000000,Ergo Proxy,"Yumiko Harao;Manglobe,",,,9782849655351,

9782344011713,2344011714,"Dans un très lointain avenir, les humains ont disparu. Ne reste qu'une nouvelle forme d'êtres vivants minéraux, les ""gemmes"", se livrant à une guerre contre les Séléniens, une race lunaire mystérieuse. Chez ces êtres de cristaux, la valeur guerrière tient à la résistance du cristal. Phos, être de cristal fragile, tente d'exister dans un conflit pour lequel il n'est pas taillé. Incapable de guerroyer, il s'attèle alors à rechercher les origines du conflit dans l'Histoire de leur monde. Qui, de l'historien ou du combattant, mettra fin à la guerre ?Avec son chara-design superbe, à la fois clair et lisible, L'Ère des cristaux vous offre tranches de vie, combats, action, drame et fantasy dans un monde totalement repensé mais très accessible. Ce titre original et vif a été classé dans le top 10 du fameux ""Kono manga ga Sugoi"" est s'est également distingué dans le top 20 du classement ""Manga for Male readers survey"" 2015. Il est actuellement en course pour le célèbre Manga Taisho Award 2015.",,2016-01-13,195.000000,L'ère des Cristaux,Haruko Ichikawa,,,9782344011713,
9782344011720,2344011722,"Ceci est l'histoire de cristaux à la fois beaux, forts et fragiles, et de leurs combats. On dit qu'autrefois, sur cette planète, vivaient des animaux nommé ""humains"". Dans ce lointain avenir que constitue aujourd'hui, l'affrontement se poursuit entre les gemmes, au corps immortel, et les Séléniens. Phosphophyllite, toujours en quête de la vérité sur ce conflit, suit vers le fin fond des mers une sorte de mollusque qu'il a rencontré en pleine bataille...",,2016-03-16,192.000000,L'ère des Cristaux,Haruko Ichikawa,,,9782344011720,

9782351422700,2351422708,"Wataru Mitani est un jeune garçon ordinaire qui aime passer son temps dans les salles de jeux vidéo. Un nouvel élève, Mitsuru Ashikawa, arrive dans son école et Wataru va très vite découvrir que celui-ci possède des pouvoirs étranges. Entraîné par Ashikawa dans un immeuble en construction, Wataru apprend l'existence de Vision, un monde parallèle où il est possible d'agir sur son destin. Wataru va-t-il décider de franchir la porte qui mène à Vision afin de changer sa destinée?",,2008-01-23,179.000000,Brave Story,Miyuki Miyabe;Yoichiro Ono,,,9782351422700,
9782351422717,2351422716,"Wataru décide de partir pour Vision en espérant pouvoir à nouveau vivre heureux avec sa famille. Il a été choisi pour devenir un "" voyageur "", tout comme le nouvel élève Mitsuru Ashikawa. Wataru va vite se rendre compte que la route jusqu'à la "" Tour du Destin "" sera semée d'embûches. Il devra apprendre à se battre contre des monstres et trouver les sphères magiques qui lui donneront de nouveaux pouvoirs.",,2008,187.000000,Brave story,Miyuki Miyabe;Yoichiro Ono,,,9782351422717,nouvelle épopée
9782351422724,2351422724,"Wataru a commencé son voyage à travers le monde de Vision accompagné de Kaori qui est, elle aussi, devenue une voyageuse. Ils arrivent enfin à la ville de Kassara, mais ils sont loin de se douter de ce qui les y attend...",,2008-04-10,186.000000,Brave Story,Miyuki Miyabe;Yoichiro Ono,,,9782351422724,
9782351422731,2351422732,"Wataru continue sa quête à travers le monde de Vision. Il est bien déterminé à retrouver Kaori qui a été enlevée par les loshinistes et qui est désormais retenue prisonnière dans le Continent Nord. Mitsuru, quant à lui, est prêt à tout afin d'obtenir les sphères magiques qui lui permettront d'exaucer son voeu et va même jusqu'à devenir un soldat des troupes shigdras au service de ces mêmes loshinistes.",,2008-06-12,200.000000,Brave Story,Miyuki Miyabe;Yoichiro Ono,,,9782351422731,

9782845382237,2845382235,,,2003-01-01,,Lone Wolf & Cub,Kazuo Koike;Goseki Kojima,,,2845382235,
9782845382626,2845382626,,,2003-01-01,,Fleur d'hiver,Goseki Kojima;Kazuo Koike,,,2845382626,
9782845382855,2845382855,,,2003-01-01,,Le chemin blanc entre les fleuves,Goseki Kojima;Kazuo Koike,,,2845382855,
9782845383128,2845383126,"Le ronin Ogami Itto parcourt le Japon du 17ème siècle, en compagnie son Jeune fils Daigoro, à la recherche de ceux qui ont sali son honneur. Il croise sur sa route de singuliers personnages... manipulateurs du hasard, gardiens de traditions ancestrales, beautés tatouées... Autant d'aventures insolites mettant en scène un duo fascinant, Lone Wolf & Cub. Un grand classique du manga par les créateurs japonais Kazuo Koike et Goseki Kojima.",,2004-03-25,314.000000,Le gardien des clochers,Kazuo Koike;Goseki Kojima,,,2845383126,


9782723431026,2723431029,"Peut-être sur Terre, peut-être dans le futur... Killy est un cyborg taciturne qui erre dans une gigantesque cité labyrinthique s'étendant sur des milliers de niveaux. Armé d'un revolver amplificateur de radiations et accompagné de Shibo, un scientifique, il part en quête du net-gene, un programme qui aurait échappé au virus informatique et qui serait capable de gérer le monde.",,2000-03-21,250.000000,Blame,Tsutomu Nihei,,,9782723431026,
9782723431033,2723431037,"Killy est un cyborg taciturne qui erre dans une gigantesque cité labyrinthique s'étendant sur des milliers de niveaux. Armé d'un revolver amplificateur de radiations et accompagné de Shibo, un scientifique, il part en quête d'un programme qui aurait échappé à la contamination globale d'un virus informatique et qui serait capable de gérer le monde.",,2000,217.000000,Blame,Tsutomu Nihei,,,9782723431033,
9782723432924,2723432920,"Killy est un cyborg taciturne qui erre dans une gigantesque cité labyrinthique s'étendant sur des milliers de niveaux. Armé d'un revolver amplificateur de radiations et accompagné de Shibo, un scientifique, il part en quête d'un programme qui aurait échappé à la contamination globale d'un virus informatique et qui serait capable de gérer le monde.",,2000,222.000000,Blame,Tsutomu Nihei,,,9782723432924,
9782723434911,2723434915,"Killy est un cyborg taciturne qui erre dans une gigantesque cité labyrinthique s'étendant sur des milliers de niveaux. Armé d'un revolver amplificateur de radiations et accompagné de Shibo, un scientifique, il part en quête d'un programme qui aurait échappé à la contamination globale d'un virus informatique et qui serait capable de gérer le monde.",,2001,4.000000,Blame,Tsutomu Nihei,,,9782723434911,
9782723435994,2723435997,"Killy est un cyborg taciturne qui erre dans une gigantesque cité labyrinthique s'étendant sur des milliers de niveaux. Armé d'un revolver amplificateur de radiations et accompagné de Shibo, un scientifique, il part en quête d'un programme qui aurait échappé à la contamination globale d'un virus informatique et qui serait capable de gérer le monde.",,2001,215.000000,Blame,Tsutomu Nihei,,,9782723435994,
9782723437127,2723437124,"Killy est un cyborg taciturne qui erre dans une gigantesque cité labyrinthique s'étendant sur des milliers de niveaux. Armé d'un revolver amplificateur de radiations et accompagné de Shibo, un scientifique, il part en quête d'un programme qui aurait échappé à la contamination globale d'un virus informatique et qui serait capable de gérer le monde.",,2002,194.000000,Blame,Tsutomu Nihei,,,9782723437127,
9782723439435,2723439437,"Killy est un cyborg taciturne qui erre dans une gigantesque cité labyrinthique s'étendant sur des milliers de niveaux. Armé d'un revolver amplificateur de radiations et accompagné de Shibo, un scientifique, il part en quête d'un programme qui aurait échappé à la contamination globale d'un virus informatique et qui serait capable de gérer le monde.",,2002,208.000000,Blame,Tsutomu Nihei,,,9782723439435,
9782723441759,272344175X,"Killy est un cyborg taciturne qui erre dans une gigantesque cité labyrinthique s'étendant sur des milliers de niveaux. Armé d'un revolver amplificateur de radiations et accompagné de Shibo, un scientifique, il part en quête d'un programme qui aurait échappé à la contamination globale d'un virus informatique et qui serait capable de gérer le monde.",,2003,46.000000,Blame,Tsutomu Nihei,,,9782723441759,
9782723443791,2723443795,"Killy est un cyborg taciturne qui erre dans une gigantesque cité labyrinthique s'étendant sur des milliers de niveaux. Armé d'un revolver amplificateur de radiations et accompagné de Shibo, un scientifique, il part en quête d'un programme qui aurait échappé à la contamination globale d'un virus informatique et qui serait capable de gérer le monde.",,2003-09-10,198.000000,Blame,Tsutomu Nihei,,,9782723443791,

9782847894516,2847894519,Le premier manga rock à lire et à écouter à fond !,,2004-07-01,200.000000,Beck,Harold Sakuishi,,,9782847894516,
9782847894660,2847894667,,,2004-09-15,177.000000,Beck,Harold Sakuishi,,,9782847894660,
9782847895629,2847895620,Le premier manga à lire et à écouter à fond !,,2004-11-24,184.000000,Beck,Harold Sakuishi,,,9782847895629,
9782847896893,2847896899,,,2005-02-09,189.000000,Beck,Harold Sakuishi,,,9782847896893,
9782847896244,2847896244,,,2005-03-16,187.000000,Beck,Harold Sakuishi,,,9782847896244,
9782847897821,2847897828,,,2005-06-08,190.000000,Beck,Harold Sakuishi;Sahé Cibot,,,9782847897821,
9782847898095,2847898093,,,2005-08-24,187.000000,Beck,Harold Sakuishi,,,9782847898095,
9782847899122,284789912X,,,2005-10-26,150.000000,Beck,Harold Sakuishi,,,9782847899122,

9782723425179,2723425177,,,1998-02-04,172.000000,"L'ange, l'assaut",Yoshiyuki Sadamoto,,,9782723425179,
9782723426442,2723426440,,,1998-05-20,164.000000,Le couteau et l'adolescent,Yoshiyuki Sadamoto,,,9782723426442,
9782723426640,2723426645,,,1998-09-16,166.000000,La brûlure,Yoshiyuki Sadamoto,,,9782723426640,
9782723427845,2723427846,,,1999-03-23,180.000000,L'arrivée d'Asuka,Yoshiyuki Sadamoto;GAINAX (Firm),,,9782723427845,
9782723427937,2723427935,,,2000-06-21,180.000000,Neon Genesis Evangelion Tome 5 : Le tombeau,Yoshiyuki Sadamoto,,,9782723427937,
9782723436601,2723436608,,,2001-11-14,181.000000,"Le ""Fourth Children""",Yoshiyuki Sadamoto,,,9782723436601,
9782723440097,2723440095,,,2002-10-15,184.000000,Neon Genesis Evangelion Tome 7 : La guerre d'un homme,Yoshiyuki Sadamoto,,,9782723440097,
9782723443906,2723443906,,,2003-10-28,180.000000,Mother,Yoshiyuki Sadamoto,,,9782723443906,
9782723448130,2723448134,"Un manga de science-fiction postcataclysmique dans lequel on fait évoluer Shinji Ikari, un adolescent à qui revient la mission de défendre l'humanité de l'arrivée des Anges, des créatures aux desseins obscurs, à bord de l'immense robot baptisé Evangelion. Il est secondé par deux jeunes filles dont l'une a un passé lourd, l'autre est frondeuse et pilote. -- Comparé à ##Goldorak##, la trame sert de prétexte à une longue psychanalyse des personnages à travers laquelle les protagonistes vont à la découverte d'eux-mêmes. Une série violente saupoudrée de sexisme, aussi disponible en animé. [SDM].",,2004-11-24,174.000000,Fifth Children,Yoshiyuki Sadamoto,,,9782723448130,

9782505002093,2505002096,"Le très puissant robot Mont-Blanc a été détruit sans que l'on sache par qui ou par quoi. Au même moment, un des cadres du groupe de défense des lois sur les robots est assassiné... Deux affaires sans relation apparente... ? Pourtant, sur les lieux du crime, c'est le même ornement en forme de cornes qui a été retrouvé. Le meurtrier est-il un homme ou un robot ? ! Selon les lois sur les robots, c'est impossible, les robots ne peuvent pas s'attaquer aux hommes. Voilà une affaire sans précédent, étrange et compliquée et c'est l'inspecteur-robot Gesicht qui en est chargé ! Gesicht ne va pas tarder à découvrir l'objectif du meurtrier : éliminer les sept robots les plus forts du monde... dont lui-même, Gesicht, fait partie !",Kana,2010-02-19,180.000000,Pluto,Osamu Tezuka;Naoki Urasawa;Takashi Nagasaki,,,9782505002093,
9782505002109,250500210X,Un thriller palpitant signé Urasawa et Tezuka.,Kana,2010-02-19,196.000000,Pluto,Osamu Tezuka;Naoki Urasawa;Takashi Nagasaki,,,9782505002109,
9782505008729,2505008728,,Kana,2010-04-02,192.000000,Pluto,Osamu Tezuka;Naoki Urasawa,,,9782505008729,
9782505009122,2505009120,,Kana,2010-07-02,190.000000,Pluto,Osamu Tezuka;Naoki Urasawa;Takashi Nagasaki,,,9782505009122,
9782505009665,250500966X,"Au cours de son enquête sur une série de meurtres de robots, l'inspecteur-robot Gesicht découvre qu'un sentiment de haine entre les hommes et les robots semble être à l'origine de l'affaire. Quant à lui, il va bientôt révéler ses effroyables souvenirs...",Kana,2010-10-01,186.000000,Pluto,Naoki Urasawa;Osamu Tezuka,,,9782505009665,
9782505010289,2505010285,"Lorsque les robots les plus sophistiqués de la planète sont assassinés les uns après les autres, l'inspecteur-androïde Gesicht est mandaté par Europol afin d'élucider l'affaire. Affaire qui se complique sérieusement lorsqu'un cadre du groupe de défense des lois sur les robots est supprimé à son tour. Tout porte en effet à croire que les meurtres sont liés, des simulacres de cornes ayant été plantés sur la tête de chacune des dépouilles. Le meurtrier pourrait-il être un robot contrevenant, pour la première fois de l'histoire, aux réglementations interdisant toute attaque de la gent humaine par un androïde? Un thriller futuriste mené de main de maître en filigrane duquel se tisse une intéressante réflexion sur les limites de l'intelligence artificielle, ainsi que sur les lois qui la régissent. Un graphisme réaliste très soigné plante magnifiquement le décor de cet univers cohérent où évoluent des robots ayant développé la capacité de ressentir des émotions, rendant par le fait même quasi impossible la distinction entre l'homme et la machine. Soulignons que le célèbre Astro Boy n'occupe qu'un rôle secondaire au sein de l'intrigue. [SDM].",Kana,2011-01-07,190.000000,Pluto,Naoki Urasawa;Osamu Tezuka;Takashi Nagasaki,,,9782505010289,
9782505010814,2505010811,,Kana,2011-04-06,193.000000,Pluto,Osamu Tezuka;Takashi Nagasaki;Naoki Urasawa,,,9782505010814,
9782505011781,2505011788,"Astro, de retour, a percé tous les mystères de Pluto et pour sauver la terre de la destruction, il risque sa vie dans un ultime combat. Au fond de son coeur, il garde le souvenir de ses amis disparus : Gesicht, Mont-blanc, North 2, Brando, Hercule, Epsilon...!! Voici le dernier tome d'une passionnante version XXIe siècle d'Astro Boy !!",Kana,2011-07-01,240.000000,Pluto,Naoki Urasawa;Osamu Tezuka,,,9782505011781,

9782847899429,2847899421,""" Le monde entier connaît le pain anglais, le pain allemand ou le pain français. Mais il n'existe pas de pain typiquement japonais! Tout cela va bientôt changer! "" Voilà ce qu'affirme le jeune Kazuma Azuma. Il vit au sud de Tokyo. Son lieu de travail est très petit. Mais le rêve qui l'habite est immense! Le jour où Kazuma va enfin achever son fameux Ja-pan est tout proche! (enfin, j'espère pour lui...) Mais avant cela, il va devoir faire du pain pour un cheval bien spécial...",,2006-01-11,190.000000,Yakitate Ja-Pan !! Un pain c'est tout,Takashi Hashiguchi;Sugamo Aruru;Olivier Vachey,,,9782847899429,

9782351425879,2351425871,"Après avoir oeuvré au bonheur de l'humanité pendant 2000 ans, les deux amis décident de prendre quelques vacances en louant un petit appartement sur Terre. Ils vont découvrir un mode de vie bien éloigné du paradis et vous offrir un regard inédit sur notre quotidien. Vous apprendrez ce que ressent Jésus quand on le prend pour Johnny Depp, ou ce que pense Bouddha de ces statues à son effigie, qui ont tant de succès dans les magazines de décoration.",,2011,144.000000,Les vacances de Jésus & Bouddha,Hikaru Nakamura,,,9782351425879,
9782351425893,2351425898,"Après avoir surmonté les périls de la jungle urbaine tels que les soldes ou le métro à l'heure de pointe, Jésus et son ami Bouddha décident de partir se ressourcer à la campagne. Mais leur retraite spirituelle tourne court alors que Jésus découvre les joies et les peines du wasabi et que les anges manquent de déclencher l'Apocalypse lors d'une séance de karaoké. Décidément, les vacances de Jésus et Bouddha sur Terre ne sont pas de tout repos.",,2012,128.000000,Les vacances de Jésus & Bouddha,Hikaru Nakamura,,,9782351425893,
9782505000075,2505000077,"Le gouvernement japonais lance une expérience qui pourrait bien signer la fin de la peine de mort. Tajima Ryohei, le "" détenu 042 "", condamné à mort pour sept meurtres, verra sa peine commuée en travaux ) perpétuité, à la condition qu'il accepte l'implantation dans son cerveau d'une puce très sensible, capable d'exploser à la moindre pulsion destructrice. C'est dans ces terribles conditions et avec cette liberté toute relative qu'il commence son travail d'intérêt général dans un lycée... Voici le premier volume d'une œuvre très attendu, dont le thème gravite autour de la vie et de la mort des êtres humains.",,2006-09-20,210.000000,Détenu 042,Yua Kotegawa,,,9782505000075,
9782505000235,2505000239,"Le détenu 042, Tajima Ryôhei a été sélectionné pour une expérience qui devrait aboutir à l'abolition de la peine de mort. C'est ainsi qu'il se retrouve dans un lycée à purger une peine de travail d'intérêt général. Mais il doit faire attention car la moindre pulsion destructrice fera exploser la puce qu'on lui a insérée dans le cerveau. Un jour, un proche parent d'une des 7 personnes qu'il avait massacrées 9 ans auparavant, se rend au lycée pour le rencontrer... Voici le second volume de cette œuvre percutante dont le thème gravite autour de la vie et de la mort des êtres humains.",Kana,2006-11-17,200.000000,Détenu 042,Yua Kotegawa,,,9782505000235,
9782505000457,250500045X,"Le gouvernement japonais a mis au point une expérience qui pourrait bien mettre fin à la peine de mort. Avant d'être envoyé dans un lycée communal, Tajima Ryôhei, le prisonnier 042, se prête à l'expérimentation et se voit implanter une puce à même d'exploser à la moindre pulsion meurtrière. Les lycéens sont en vacances d'hiver, mais il semble qu'une autre expérience soit en cours au sein même de l'établissement où 042 a été transféré... Voici le troisième volume d'une œuvre percutante dont le thème gravite autour de la vie et de la mort des êtres humains.",Kana,2007-02-02,238.000000,Détenu 042,Yua Kotegawa,,,9782505000457,
9782505000877,2505000875,,Kana,2007-04-20,265.000000,Détenu 042,Yua Kotegawa,,,9782505000877,
9782505001539,2505001537,,,2007-07-06,180.000000,Détenu 042,Yua Kotegawa,,,9782505001539,

9782723441438,2723441431,,,2002,215.000000,Parasite Kiseiju,Hitoshi Iwaaki,,,9782723441438,
9782723441797,2723441792,,,2003,220.000000,Parasite,Hitoshi Iwaaki,,,9782723441797,kiseiju
9782723442374,2723442373,,,2003-05-06,214.000000,Parasite Kiseiju,Hitoshi Iwaaki,,,9782723442374,
9782723442459,2723442454,,,2003,212.000000,Parasite,Hitoshi Iwaaki,,,9782723442459,kiseiju
9782723443821,2723443825,"VUE DES ENVIRONS DE MON NOUVEAU LIEU DE TRAVAIL. JE SUIS EMBÊTÉ LORSQUE JE LÈVE LES YEUX DE MON BUREAU, JE VOIS UN MUR. À MON ANCIEN LIEU DE TRAVAIL, IL Y AVAIT UNE FENÊTRE. JE POUVAIS PRENDRE UNE PAUSE ET SUIVRE DU REGARD LES GENS, LES OISEAUX OU LES VOITURES. C'ÉTAIT COMME UNE PETITE PROMENADE. POUR MOI, SUR LE LIEU DE TRAVAIL, LE POINT DE VUE D'UNE FENÊTRE EST AUSSI IMPORTANT QUE LES FOURNITURES OU LE MATÉRIEL.",,2003,208.000000,Parasite Kiseiju,Hitoshi Iwaaki,,,9782723443821,
9782723443890,2723443892,,,2003,213.000000,Parasite Kiseiju,Hitoshi Iwaaki,,,9782723443890,
9782723445023,272344502X,,,2004,230.000000,Parasite Kiseiju,Hitoshi Iwaaki,,,9782723445023,
9782723445030,2723445038,,,2004,212.000000,Parasite Kiseiju,Hitoshi Iwaaki,,,9782723445030,
9782723445047,2723445046,,,2004,238.000000,Parasite Kiseiju,Hitoshi Iwaaki,,,9782723445047,
9782723445054,2723445054,,,2004-08-18,223.000000,Parasite,Hitoshi Iwaaki,,,9782723445054,kiseiju

9782871292661,2871292663,,,2000-03-17,183.000000,Hunter x Hunter,Yoshihiro Togashi,,,9782871292661,
9782871292678,2871292671,,,2000-04-06,185.000000,Hunter x Hunter,Yoshihiro Togashi,,,9782871292678,
9782871292685,287129268X,,,2000-06-15,185.000000,Hunter x Hunter,Yoshihiro Togashi,,,287129268X,
9782871292692,2871292698,,,2000-09-08,185.000000,Hunter x Hunter,Yoshihiro Togashi,,,9782871292692,
9782871292708,2871292701,,,2000-11-17,185.000000,Hunter x Hunter,Yoshihiro Togashi,,,9782871292708,
9782871293217,287129321X,,,2001-01-18,200.000000,Hunter x Hunter,Yoshihiro Togashi,,,9782871293217,
9782871293224,2871293228,,,2001-03-15,187.000000,Hunter x Hunter,Yoshihiro Togashi,,,9782871293224,
9782871293231,2871293236,,,2001-05-10,199.000000,Hunter x Hunter,Yoshihiro Togashi,,,9782871293231,
9782871293248,2871293244,,,2001-07-05,190.000000,Hunter x Hunter,Yoshihiro Togashi,,,9782871293248,
9782871293255,2871293252,,,2001-10-04,200.000000,Hunter x Hunter,Yoshihiro Togashi,,,9782871293255,
9782871294023,287129402X,,,2002-01-17,194.000000,Hunter x Hunter,Yoshihiro Togashi,,,9782871294023,
9782871294153,2871294151,,,2002-04-04,183.000000,Hunter x Hunter,Yoshihiro Togashi,,,9782871294153,
9782871294290,2871294291,,Kana,2002-07-04,195.000000,Hunter x Hunter,Yoshihiro Togashi,,,9782871294290,
9782871294429,2871294429,,Kana,2003-01-16,201.000000,Hunter x Hunter,Yoshihiro Togashi,,,9782871294429,
9782871295099,2871295093,,,2003-02-27,196.000000,Hunter x Hunter,Yoshihiro Togashi,,,9782871295099,
9782871295365,2871295360,"Dans le jeu York Shin City, Biscuit conseille à Gon et Kirua de se diriger vers Masadora afin d'acquérir des cartes à sort. Enfin arrivés au lieu dit, ils doivent repartir, épuisés, à la carrière de roche et refaire le même chemin sans détour en creusant un tunnel. Biscuit espère ainsi leur faire augmenter leur force physique, psychique et leur résistance.",Kana,2003-07-03,191.000000,Hunter x Hunter,Yoshihiro Togashi,,,9782871295365,
9782871295624,287129562X,"Gon, à la recherche de son père, est devenu hunter. Le jeu continue...",Kana,2004-05-01,210.000000,Hunter x Hunter,Yoshihiro Togashi,,,9782871295624,

9782845991002,2845991002,"Ancien voyou, chef de gang, Eikichi Onizuka décide un jour de devenir prof. Sa vocation n'a rien de pédagogique. Ce qu'il veut, c'est pouvoir sortir avec les étudiantes du lycée où il travaille. Pourtant, au fil des chapitres, on se rend compte que le sens de la justice et de l'honneur de notre héros vont l'amener à devenir un véritable enseignant. Cette série de Tôru Fujisawa a connu un tel succès au Japon qu'elle fut adaptée en feuilleton "" live "" à la télé et au cinéma. Drôle et "" vrai "", plein de rebondissements et doté d'une psychologie rare dans ce domaine, GTO met en scène des adolescents en quête d'identité comme il en existe partout.",,2001-02-21,190.000000,GTO.,Tôru Fujisawa,,,9782845991002,
9782811637606,2811637605,Le deuxième volume de la série culte ou comment Eikichi Onizuka réalise ses premiers exploits d'enseignant en faisant une prise de catch à son sous-directeur et sauve in extremis un jeune élève du suicide...,,2017-09-06,192.000000,GTO,,,,9782811637606,
9782811637989,2811637982,"Voici le troisième volume de GTO, dans lequel Eikichi Onizuka résiste à un odieux chantage, drague la mère d'un de ses élèves et nous raconte l'histoire terrifiante des raviolis de l'angoisse... Sans oublier, au passage, de détruire une nouvelle fois la voiture de son sous-directeur.",,2017-10-18,192.000000,GTO,,,,9782811637989,
9782811637996,2811637990,"Voici le quatrième opus de GTO, dans lequel on voit comment Eikichi Onizuka joue au bowling, se transforme en Doreamon destroy, atomise un prof de gym, prend en charge une charmante jeune fille délaissée et finit par jouer à la poupée...",,2017-11-02,192.000000,GTO,,,,9782811637996,
9782845991200,2845991207,"Suite des aventures de Eikichi Onizuka, jeune enseignant de 22 ans dans une école japonaise. Avec un lexique pour comprendre les codes et les références japonaises.",,2001-07-02,186.000000,GTO,Tôru Fujisawa,,,9782845991200,
9782845991255,2845991258,"Dans lequel on verra de manière illustrée que l'honneur selon Eikichi Onizuka n'est pas un vain mot, et comment pour respecter sa parole, il se soumettra aux pires tortures physiques afin de réaliser un exploit intellectuel contre sa nature ; sans omettre, au passage, de réduire à néant les plans pervers d'une bande yakuza...",,2001-08-21,190.000000,GTO,Tôru Fujisawa,,,9782845991255,
9782845991378,2845991371,"Dans lequel Eikichi Onizuka apporte quelques réponses définitives à de grandes questions essentielles que tout être humain s'est posé un jour ou l'autre : "" Qu'est-ce que la vraie vie ? Un long discours de Socrate vaut-il mieux qu'une bonne balade à moto ? Doit-on sacrifier son existence pour payer les traites de sa Toyota Cresta ? "" Tout à son enseignement philosophique, notre héros en oubliera presque de détruire les rêves amoureux d'une jeune fille férue de magie, de révéler, par la bande, l'infortune de son sous-directeur et de piller les réserves de Sushi du meilleur restaurant de Tokyo, le tout en 180 et quelques pages dessinées.",Pika Edition,2001,208.000000,GTO,Tôru Fujisawa,,,9782845991378,great teacher Onizuka
9782845991446,2845991444,"Où il ne sera pas dit que notre héros Eikichi Onizuka passe son temps à ne rien à faire, même si ses activités principales consistent à remplacer ses poils pubiens par une perruque, échapper à la mort par empoisonnement, redonner à l'une de ses collègues le goût de son métier pour finir par cultiver son jardin et tomber sur un magot inattendu...",,2001-11-14,190.000000,GTO,Tôru Fujisawa,,,9782845991446,
9782845991477,2845991479,"Mais, on apprendra, quand même, comment Eikichi Onizuka est prêt à vendre ses organes vitaux les plus précieux pour payer une dette dont il n'est pas responsable, même si un sentiment de culpabilité légitime l'assaille. Sa quête désespérée pour sauver un de ses élèves d'un suicide virtuel lui apprendra que ses meilleurs amis ne sont pas ceux qu'il croit. Une nouvelle fois, sa bonne étoile le sauvera, jusqu'à l'accident final...",Pika Edition,2001-12-11,186.000000,GTO,Tôru Fujisawa,,,9782845991477,great teacher Onizuka
9782845991545,2845991541,"Où il sera question de quelques perversions japonaises que l'on pourra lire en se pinçant le nez, tout en réfléchissant au visage cruel et fascinant que peut prendre la vengeance d'une jeune fille intelligente. Et même si Eikichi Onizuka fait une nouvelle fois preuve d'un héroïsme extraordinaire avant de faire ses adieux à la manière d'une star déclinante, c'est une jeune étoile qui viendra éclairer la fin de ce volume aux forts accents féminins...",Pika Edition,2002,208.000000,GTO,Tôru Fujisawa,,,9782845991545,great teacher Onizuka
9782845991569,2845991568,"Dans lequel Eikichi Onizuka, tel un bateau ivre, traverse à la nage les eaux internationales où il se fait arraisonner avant de surfer sur un dauphin sous les regards admiratifs de ses élèves enfin réunis pour une classe d'été peu ordinaire. Les jeux de plage organisés par notre prof héroïque ne l'empêchent pas de tenir son rôle d'éducateur et d'entraîner toute sa classe à la recherche du trésor d'un pirate oublié. Enfin, nous retrouverons une dernière fois dans ce volume les aventures extraordinaires de Tomoko, jeune starlette en devenir, et de son manager naïf et courageux, dans un feu d'artifice d'explosions et de poursuites en voitures qui se terminent par une chute spectaculaire...",Pika Edition,2002,190.000000,GTO,Tôru Fujisawa,,,9782845991569,
9782845991606,2845991606,"Suite des aventures de Eikichi Onizuka, jeune enseignant de 22 ans dans une école japonaise. Avec un lexique pour comprendre les codes et les références japonaises.",Pika Edition,2002,200.000000,GTO.,Tôru Fujisawa,,,9782845991606,great teacher Onizuka
9782845991651,2845991657,"Suite des aventures de Eikichi Onizuka, jeune enseignant de 22 ans dans une école japonaise. Avec un lexique pour comprendre les codes et les références japonaises.",,2002-04-17,190.000000,GTO.,Tôru Fujisawa,,,9782845991651,
9782845991705,2845991703,"Dans lequel on verra que les papillons ne naissent pas tous dans des cocons et que leur envol prend parfois des formes troublantes... Il n'en faudra pas plus pour que Eikichi Onizuka se lance dans une nouvelle aventure où, tel un lutteur de foire, il devra affronter cent adversaires au cours d'un tournoi de bras de fer dantesque... Sa victoire, ironie du sort, va sauver d'un supplice certain son sous-directeur, et quelques-uns de ses collègues, alors que l'angélique et démoniaque Mayu s'apprête à nous révéler son terrible secret...",,2002-05-16,190.000000,GTO.,Tôru Fujisawa,,,9782845991705,
9782845991767,2845991762,"Suite des aventures de Eikichi Onizuka, jeune enseignant de 22 ans dans une école japonaise. Avec un lexique pour comprendre les codes et les références japonaises.",,2002-06-19,190.000000,GTO.,Tôru Fujisawa,,,9782845991767,
9782845991811,2845991819,"Dans lequel on verra avec une joie sans retenue que ce dix-septième volume des aventures de notre héros est sans doute l'un des meilleurs et confirmera notre sentiment que le temps n'a pas d'emprise sur les bonnes choses. Au terme d'une course-poursuite trépidante à moto, sur la route, et sur ordinateur, via le Web, Onizuka réchauffera le corps glacé d'une jeune fille désespérée en tout bien tout honneur et pour son plus grand bonheur.",Pika Edition,2002,182.000000,GTO.,Tôru Fujisawa,,,9782845991811,great teacher Onizuka
9782845991866,284599186X,"Où l'on assistera à trois histoires parallèles mettant en jeu de nobles sentiments en but à l'égoïsme, la détresse et la perversion. Onizuka pour sa part, fera la connaissance de la fille de son sous-directeur et de la petite sœur d'Azusa avec qui il jouera les détectives pour retrouver sa collègue préférée qui semble avoir été enlevée par un dangereux pervers. Entre ces deux rencontres, notre héros laissera la place à une jolie histoire d'amitié entre deux élèves où sera bientôt révélé un terrible secret...",Pika Edition,2002,190.000000,GTO.,Tôru Fujisawa,,,9782845991866,great teacher Onizuka
9782845991897,2845991894,"Suite des aventures de Eikichi Onizuka, jeune enseignant de 22 ans dans une école japonaise. Avec un lexique pour comprendre les codes et les références japonaises.",,2002-10-15,180.000000,GTO.,Tôru Fujisawa,,,9782845991897,
9782845991958,2845991959,"Où l'on sera une nouvelle fois confronté à la désarmante naïveté de notre héros en proie, dans ce volume, au machiavélisme de sa nouvelle directrice surnommée Miss Wonderbra. Du rêve à la réalité, Onizuka ne semble pas mettre la distance nécessaire à la réalisation de ses ambitions. On le verra donc errer de galère en galère à la poursuite de son Eldorado peuplé de Yakuzas au cœur tendre, d'argent facile et d'amours impossibles...",,2002-11-19,138.000000,GTO.,Tôru Fujisawa,,,9782845991958,
9782845992016,2845992017,"Dans lequel nous sera enfin révélé le sexe des anges, même si ceux que rencontrera notre héros lui ouvriront les portes de l'enfer plutôt que du paradis. Tout à sa révélation le Great Teatcher Onizuka, ne verra pas le piège de sa directrice, Miss Wonderbra, se refermer sur lui. Seuls ses amis les plus proches arriveront à lui ouvrir les yeux et c'est alors que se mettra en marche le terrible justicier au cœur tendre, le rédempteur des âmes perdues, Eikichi Onizuka...",Pika Edition,2002,208.000000,GTO.,Tôru Fujisawa,,,9782845992016,great teacher Onizuka
9782845992085,2845992084,"Suite des aventures de Eikichi Onizuka, jeune enseignant de 22 ans dans une école japonaise. Avec un lexique pour comprendre les codes et les références japonaises.",Pika Edition,2003,208.000000,GTO,Tôru Fujisawa,,,9782845992085,great teacher Onizuka
9782845991347,2845991347,"Où l'on voit Eikichi Onizuka sortir de l'hôpital après avoir reçu deux balles dans la poitrine, puis devenir une star et prendre la grosse tête avant de se laisser mener en bateau par une jolie jeune fille surdouée et machiavélique...",Pika Edition,2001,384.000000,GTO,Tôru Fujisawa,,,9782845991347,great teacher Onizuka
9782876952270,2876952270,,,1994,181.000000,La source maléfique,Rumiko Takahashi,,,9782876952270,
9782344026199,2344026193,,,2018-01-03,340.000000,Ranma 1/2,,,,9782344026199,
9782876952317,2876952319,"Une bande dessinée de mauvais goût, totalement inacceptable: violence, sexisme, etc. [SDM].",,1998-11-19,182.000000,L'épreuve de force,Rumiko Takahashi,,,9782876952317,
9782876952331,2876952335,"Ranma, Ryoga et Sanzenin s'entredéchirent sur la glace pour les beaux yeux d'Akané. Le couple terrible ne connaîtra décidément jamais la tranquillité, puisqu'il devra ensuite se sortir des griffes de Shampoo, une furie qui a juré la perte de Ranma...",,1994-12-01,186.000000,La guerre froide,Rumiko Takahashi,,,9782876952331,
9782723418454,2723418456,"Une bande dessinée de mauvais goût, totalement inacceptable: violence, sexisme, etc. [SDM].",,1998-11-19,182.000000,Les félins,Rumiko Takahashi,,,9782723418454,
9782723418522,2723418529,"Une bande dessinée de mauvais goût, totalement inacceptable: violence, sexisme, etc. [SDM].",,1998-11-19,182.000000,L'ancêtre,Rumiko Takahashi,,,9782723418522,
9782723419352,2723419355,"Une bande dessinée de mauvais goût, totalement inacceptable: violence, sexisme, etc. [SDM].",,1998-11-19,187.000000,L'affront,Rumiko Takahashi,,,9782723419352,

9782355928581,2355928584,"À 58 ans, Ichirou Inuyashiki est un loin d'être un modèle pour ses enfants. Vieux avant l'âge, méprisé de tous, il a vécu toute sa vie en salaryman minable et n'a pour toute amie que sa chienne Hanako. Comme si cela ne suffisait pas, on lui diagnostique un cancer en phase terminale au détour d'un examen de routine... C'en est trop, pour le pauvre vieillard. Alors qu'il pleure de désespoir dans un parc en pleine nuit, une lumière aveuglante apparaît... et c'est l'impact. A son réveil, étendu dans l'herbe, Inuyashiki n'est plus le même. Il a été transformé en cyborg surpuissant, libre de faire ce qu'il veut de ses nouveaux pouvoirs, le meilleur, comme le pire. Et il n'est pas le seul dans ce cas... À nouveau corps, nouvelles responsabilités : devenir un héros, ou le pire cauchemar de l'humanité... Découvrez Inuyashiki, la nouvelle série choc de Hiroya Oku (Gantz), le maître de la SF contemporaine !",,2015-09-10,198.000000,Last Hero Inuyashiki,Hiroya Oku,,,9782355928581,
9782355928864,235592886X,"À 58 ans, Ichirou Inuyashiki est un loin d'être un modèle pour ses enfants. Vieux avant l'âge, méprisé de tous, il a vécu toute sa vie en salaryman minable et n'a pour toute amie que sa chienne Hanako. Comme si cela ne suffisait pas, on lui diagnostique un cancer en phase terminale au détour d'un examen de routine... C'en est trop, pour le pauvre vieillard. Alors qu'il pleure de désespoir dans un parc en pleine nuit, une lumière aveuglante apparaît... et c'est l'impact. A son réveil, étendu dans l'herbe, Inuyashiki n'est plus le même. Il a été transformé en cyborg surpuissant, libre de faire ce qu'il veut de ses nouveaux pouvoirs, le meilleur, comme le pire. Et il n'est pas le seul dans ce cas... À nouveau corps, nouvelles responsabilités : devenir un héros, ou le pire cauchemar de l'humanité... Découvrez Inuyashiki, la nouvelle série choc de Hiroya Oku (Gantz), le maître de la SF contemporaine !",,2015-11-12,,Last Hero Inuyashiki,Hiroya Oku,,,9782355928864,
9782355929168,2355929165,"À 58 ans, Ichirou Inuyashiki est un loin d'être un modèle pour ses enfants. Vieux avant l'âge, méprisé de tous, il a vécu toute sa vie